,,,,,,,,,,,,,,,,,,,,,,
,Cracked Back = $160 off / Cracked Lens = $100 off / Bad Face ID = Parts / Bad Back Camera = ASK - - - HEAVY SCRATCHING / DEGRADED BATTERY % / Repair Message(s) = EXTRA DEDUCTION,,,,,,,,,,,,,,,,,,,,,
,Model,NEW,Grade A,Grade B,Grade C,Grade D,DOA,Shipping >,NEW,Grade A,Grade B,Grade C,Grade D,DOA,PICKUP > ,NEW,Grade A,Grade B,Grade C,Grade D,DOA,Model
,iPhone 17 Pro Max 256GB Unlocked,"$1,000",$980,$960,$755,$540,$180,,$850,$833,$816,$642,$459,$153,,$808,$791,$775,$610,$436,$145,iPhone 17 Pro Max 256GB Unlocked
,iPhone 17 Pro Max 512GB Unlocked,"$1,120","$1,100","$1,080",$800,$585,$180,,$952,$935,$918,$680,$497,$153,,$904,$888,$872,$646,$472,$145,iPhone 17 Pro Max 512GB Unlocked
,iPhone 17 Pro Max 1TB Unlocked,"$1,220","$1,200","$1,180",$855,$630,$180,,"$1,037","$1,020","$1,003",$727,$536,$153,,$985,$969,$953,$690,$509,$145,iPhone 17 Pro Max 1TB Unlocked
,iPhone 17 Pro Max 2TB Unlocked,"$1,320","$1,300","$1,280",$925,$675,$180,,"$1,122","$1,105","$1,088",$786,$574,$153,,"$1,066","$1,050","$1,034",$747,$545,$145,iPhone 17 Pro Max 2TB Unlocked
,iPhone 17 Pro Max 256GB Carrier Locked,$770,$760,$740,$670,$420,$180,,$655,$646,$629,$570,$357,$153,,$622,$614,$598,$541,$339,$145,iPhone 17 Pro Max 256GB Carrier Locked
,iPhone 17 Pro Max 512GB Carrier Locked,$845,$835,$810,$720,$460,$180,,$718,$710,$689,$612,$391,$153,,$682,$674,$654,$581,$371,$145,iPhone 17 Pro Max 512GB Carrier Locked
,iPhone 17 Pro Max 1TB Carrier Locked,$950,$940,$900,$780,$490,$180,,$808,$799,$765,$663,$417,$153,,$767,$759,$727,$630,$396,$145,iPhone 17 Pro Max 1TB Carrier Locked
,iPhone 17 Pro Max 2TB Carrier Locked,"$1,060","$1,050","$1,000",$840,$530,$180,,$901,$893,$850,$714,$451,$153,,$856,$848,$808,$678,$428,$145,iPhone 17 Pro Max 2TB Carrier Locked
,Degraded Battery (<80%) = EXTRA DEDUCTION / Repair Message(s) = ASK,,,,,,,,,,,,,,,,,,,,,
,Cracked Back = $140 off / Cracked Lens = $90 off / Bad Face ID = Parts / Bad Back Camera = ASK - - - HEAVY SCRATCHING / DEGRADED BATTERY % / Repair Message(s) = EXTRA DEDUCTION,,,,,,,,,,,,,,,,,,,,,
,Model,NEW,Grade A,Grade B,Grade C,Grade D,DOA,,NEW,Grade A,Grade B,Grade C,Grade D,DOA,,NEW,Grade A,Grade B,Grade C,Grade D,DOA,Model
,iPhone 17 Pro 256GB Unlocked,$890,$870,$850,$655,$415,$120,,$757,$740,$723,$557,$353,$102,,$719,$703,$686,$529,$335,$97,iPhone 17 Pro 256GB Unlocked
,iPhone 17 Pro 512GB Unlocked,$985,$965,$945,$700,$450,$120,,$837,$820,$803,$595,$383,$102,,$795,$779,$763,$565,$363,$97,iPhone 17 Pro 512GB Unlocked
,iPhone 17 Pro 1TB Unlocked,"$1,140","$1,120","$1,100",$790,$495,$120,,$969,$952,$935,$672,$421,$102,,$921,$904,$888,$638,$400,$97,iPhone 17 Pro 1TB Unlocked
,iPhone 17 Pro 256GB Carrier Locked,$650,$640,$620,$580,$340,$120,,$553,$544,$527,$493,$289,$102,,$525,$517,$501,$468,$275,$97,iPhone 17 Pro 256GB Carrier Locked
,iPhone 17 Pro 512GB Carrier Locked,$790,$780,$760,$645,$375,$120,,$672,$663,$646,$548,$319,$102,,$638,$630,$614,$521,$303,$97,iPhone 17 Pro 512GB Carrier Locked
,iPhone 17 Pro 1TB Carrier Locked,$890,$880,$840,$705,$415,$120,,$757,$748,$714,$599,$353,$102,,$719,$711,$678,$569,$335,$97,iPhone 17 Pro 1TB Carrier Locked
,Degraded Battery (<80%) = EXTRA DEDUCTION / Repair Message(s) = ASK,,,,,,,,,,,,,,,,,,,,,
,Cracked Back = $100 off / Cracked Lens = $80 off / Bad Face ID = Parts / Bad Back Camera = ASK - - - HEAVY SCRATCHING / DEGRADED BATTERY % / Repair Message(s) = EXTRA DEDUCTION,,,,,,,,,,,,,,,,,,,,,
,Model,NEW,Grade A,Grade B,Grade C,Grade D,DOA,,NEW,Grade A,Grade B,Grade C,Grade D,DOA,,NEW,Grade A,Grade B,Grade C,Grade D,DOA,
,iPhone 17 Air 256GB Unlocked,$640,$630,$610,$360,$245,$85,,$544,$536,$519,$306,$208,$72,,$462,$455,$441,$260,$177,$61,iPhone 17 Air 256GB Unlocked
,iPhone 17 Air 512GB Unlocked,$760,$750,$730,$405,$270,$85,,$646,$638,$621,$344,$230,$72,,$549,$542,$527,$293,$195,$61,iPhone 17 Air 512GB Unlocked
,iPhone 17 Air 1TB Unlocked,$870,$860,$840,$475,$315,$85,,$740,$731,$714,$404,$268,$72,,$629,$621,$607,$343,$228,$61,iPhone 17 Air 1TB Unlocked
,iPhone 17 Air 256GB Carrier Locked,$365,$355,$335,$275,$155,$85,,$310,$302,$285,$234,$132,$72,,$264,$256,$242,$199,$112,$61,iPhone 17 Air 256GB Carrier Locked
,iPhone 17 Air 512GB Carrier Locked,$440,$430,$400,$330,$180,$85,,$374,$366,$340,$281,$153,$72,,$318,$311,$289,$238,$130,$61,iPhone 17 Air 512GB Carrier Locked
,iPhone 17 Air 1TB Carrier Locked,$530,$520,$460,$430,$260,$85,,$451,$442,$391,$366,$221,$72,,$383,$376,$332,$311,$188,$61,iPhone 17 Air 1TB Carrier Locked
,Degraded Battery (<80%) = EXTRA DEDUCTION / Repair Message(s) = ASK,,,,,,,,,,,,,,,,,,,,,
,Cracked Back = $100 off / Cracked Lens = $70 off / Bad Face ID = Parts / Bad Back Camera = ASK - - - HEAVY SCRATCHING / DEGRADED BATTERY % / Repair Message(s) = EXTRA DEDUCTION,,,,,,,,,,,,,,,,,,,,,
,Model,NEW,Grade A,Grade B,Grade C,Grade D,DOA,,NEW,Grade A,Grade B,Grade C,Grade D,DOA,,NEW,Grade A,Grade B,Grade C,Grade D,DOA,Model
,iPhone 17 256GB Unlocked,$620,$600,$580,$395,$260,$70,,$527,$510,$493,$336,$221,$60,,$448,$434,$419,$285,$188,$51,iPhone 17 256GB Unlocked
,iPhone 17 512GB Unlocked,$715,$695,$675,$495,$315,$70,,$608,$591,$574,$421,$268,$60,,$517,$502,$488,$358,$228,$51,iPhone 17 512GB Unlocked
,iPhone 17 256GB Carrier Locked,$425,$415,$395,$325,$200,$70,,$361,$353,$336,$276,$170,$60,,$307,$300,$285,$235,$145,$51,iPhone 17 256GB Carrier Locked
,iPhone 17 512GB Carrier Locked,$530,$520,$495,$450,$230,$70,,$451,$442,$421,$383,$196,$60,,$383,$376,$358,$325,$166,$51,iPhone 17 512GB Carrier Locked
,Degraded Battery (<80%) = EXTRA DEDUCTION / Repair Message(s) = ASK,,,,,,,,,,,,,,,,,,,,,
,Cracked Back = $80 off / Cracked Lens = $60 off / Bad Face ID = Parts / Bad Back Camera = ASK - - - HEAVY SCRATCHING / DEGRADED BATTERY % / Repair Message(s) = EXTRA DEDUCTION,,,,,,,,,,,,,,,,,,,,,
,Model,NEW,Grade A,Grade B,Grade C,Grade D,DOA,,NEW,Grade A,Grade B,Grade C,Grade D,DOA,,NEW,Grade A,Grade B,Grade C,Grade D,DOA,
,iPhone 17E 256GB Unlocked,$350,$360,$340,$260,$200,$60,,$333,$306,$289,$221,$170,$51,,$316,$260,$246,$188,$145,$43,Model
,iPhone 17E 512GB Unlocked,$390,$400,$380,$290,$240,$60,,$332,$340,$323,$247,$204,$51,,$282,$289,$275,$210,$173,$43,iPhone 17E 256GB Unlocked
,iPhone 17E 256GB Carrier Locked,$265,$265,$225,$170,$120,$60,,$225,$225,$191,$145,$102,$51,,$191,$191,$163,$123,$87,$43,iPhone 17E 512GB Unlocked
,iPhone 17E 512GB Carrier Locked,$295,$285,$255,$200,$140,$60,,$251,$242,$217,$170,$119,$51,,$213,$206,$184,$145,$101,$43,iPhone 17E 256GB Carrier Locked
,Degraded Battery (<80%) = EXTRA DEDUCTION / Repair Message(s) = ASK,,,,,,,,,,,,,,,,,,,,,iPhone 17E 512GB Carrier Locked
,Cracked Back = $120 off / Cracked Lens = $70 off / Bad Face ID = Parts / Bad Back Camera = ASK - - - HEAVY SCRATCHING / DEGRADED BATTERY % / Repair Message(s) = EXTRA DEDUCTION,,,,,,,,,,,,,,,,,,,,,
,Model,NEW,Grade A,Grade B,Grade C,Grade D,DOA,,NEW,Grade A,Grade B,Grade C,Grade D,DOA,,NEW,Grade A,Grade B,Grade C,Grade D,DOA,Model
,iPhone 16 Pro Max 256GB Unlocked,$655,$645,$625,$510,$345,$170,,$557,$548,$531,$434,$293,$145,,$473,$466,$452,$368,$249,$123,iPhone 16 Pro Max 256GB Unlocked
,iPhone 16 Pro Max 512GB Unlocked,$685,$675,$655,$545,$360,$170,,$582,$574,$557,$463,$306,$145,,$495,$488,$473,$394,$260,$123,iPhone 16 Pro Max 512GB Unlocked
,iPhone 16 Pro Max 1TB Unlocked,$715,$705,$685,$580,$370,$170,,$608,$599,$582,$493,$315,$145,,$517,$509,$495,$419,$267,$123,iPhone 16 Pro Max 1TB Unlocked
,iPhone 16 Pro Max 256GB Carrier Locked,$550,$540,$520,$440,$245,$170,,$468,$459,$442,$374,$208,$145,,$397,$390,$376,$318,$177,$123,iPhone 16 Pro Max 256GB Carrier Locked
,iPhone 16 Pro Max 512GB Carrier Locked,$590,$580,$560,$470,$270,$170,,$502,$493,$476,$400,$230,$145,,$426,$419,$405,$340,$195,$123,iPhone 16 Pro Max 512GB Carrier Locked
,iPhone 16 Pro Max 1TB Carrier Locked,$640,$630,$610,$480,$320,$170,,$544,$536,$519,$408,$272,$145,,$462,$455,$441,$347,$231,$123,iPhone 16 Pro Max 1TB Carrier Locked
,Degraded Battery (<80%) = EXTRA DEDUCTION / Repair Message(s) = ASK,,,,,,,,,,,,,,,,,,,,,
,Cracked Back = $100 off / Cracked Lens = $70 off / Bad Face ID = Parts / Bad Back Camera = ASK - - - HEAVY SCRATCHING / DEGRADED BATTERY % / Repair Message(s) = EXTRA DEDUCTION,,,,,,,,,,,,,,,,,,,,,
,Model,NEW,Grade A,Grade B,Grade C,Grade D,DOA,,NEW,Grade A,Grade B,Grade C,Grade D,DOA,,NEW,Grade A,Grade B,Grade C,Grade D,DOA,Model
,iPhone 16 Pro 128GB Unlocked,$550,$540,$520,$395,$265,$100,,$468,$459,$442,$336,$225,$85,,$397,$390,$376,$285,$191,,iPhone 16 Pro 128GB Unlocked
,iPhone 16 Pro 256GB Unlocked,$575,$565,$545,$420,$295,$100,,$489,$480,$463,$357,$251,$85,,$415,$408,$394,$303,$213,,iPhone 16 Pro 256GB Unlocked
,iPhone 16 Pro 512GB Unlocked,$595,$585,$565,$440,$310,$100,,$506,$497,$480,$374,$264,$85,,$430,$423,$408,$318,$224,,iPhone 16 Pro 512GB Unlocked
,iPhone 16 Pro 1TB Unlocked,$610,$600,$580,$535,$285,$100,,$519,$510,$493,$455,$242,$85,,$441,$434,$419,$387,$206,,iPhone 16 Pro 1TB Unlocked
,iPhone 16 Pro 128GB Carrier Locked,$415,$405,$385,$320,$190,$100,,$353,$344,$327,$272,$162,$85,,$300,$293,$278,$231,$137,,iPhone 16 Pro 128GB Carrier Locked
,iPhone 16 Pro 256GB Carrier Locked,$465,$455,$425,$350,$220,$100,,$395,$387,$361,$298,$187,$85,,$336,$329,$307,$253,$159,,iPhone 16 Pro 256GB Carrier Locked
,iPhone 16 Pro 512GB Carrier Locked,$505,$495,$465,$380,$240,$100,,$429,$421,$395,$323,$204,$85,,$365,$358,$336,$275,$173,,iPhone 16 Pro 512GB Carrier Locked
,iPhone 16 Pro 1TB Carrier Locked,$535,$525,$495,$420,$270,$100,,$455,$446,$421,$357,$230,$85,,$387,$379,$358,$303,$195,,iPhone 16 Pro 1TB Carrier Locked
,Degraded Battery (<80%) = EXTRA DEDUCTION / Repair Message(s) = ASK,,,,,,,,,,,,,,,,,,,,,
,Cracked Back = $85 off / Cracked Lens = $70 off / Bad Face ID = Parts / Bad Back Camera = ASK - - - HEAVY SCRATCHING / DEGRADED BATTERY % / Repair Message(s) = EXTRA DEDUCTION,,,,,,,,,,,,,,,,,,,,,
,Model,NEW,Grade A,Grade B,Grade C,Grade D,DOA,,NEW,Grade A,Grade B,Grade C,Grade D,DOA,,NEW,Grade A,Grade B,Grade C,Grade D,DOA,Model
,iPhone 16 Plus 128GB Unlocked,$475,$465,$445,$340,$240,$60,,$404,$395,$378,$289,$204,$51,,$343,$336,$322,$246,$173,,iPhone 16 Plus 128GB Unlocked
,iPhone 16 Plus 256GB Unlocked,$505,$495,$475,$365,$265,$60,,$429,$421,$404,$310,$225,$51,,$365,$358,$343,$264,$191,,iPhone 16 Plus 256GB Unlocked
,iPhone 16 Plus 512GB Unlocked,$535,$525,$505,$395,$285,$60,,$455,$446,$429,$336,$242,$51,,$387,$379,$365,$285,$206,,iPhone 16 Plus 512GB Unlocked
,iPhone 16 Plus 128GB Carrier Locked,$335,$325,$305,$235,$150,$60,,$285,$276,$259,$200,$128,$51,,$242,$235,$220,$170,$108,,iPhone 16 Plus 128GB Carrier Locked
,iPhone 16 Plus 256GB Carrier Locked,$365,$355,$345,$265,$180,$60,,$310,$302,$293,$225,$153,$51,,$264,$256,$249,$191,$130,,iPhone 16 Plus 256GB Carrier Locked
,iPhone 16 Plus 512GB Carrier Locked,$405,$395,$385,$300,$190,$60,,$344,$336,$327,$255,$162,$51,,$293,$285,$278,$217,$137,,iPhone 16 Plus 512GB Carrier Locked
,Degraded Battery (<80%) = EXTRA DEDUCTION / Repair Message(s) = ASK,,,,,,,,,,,,,,,,,,,,,
,Cracked Back = $70 off / Cracked Lens = $60 off / Bad Face ID = Parts / Bad Back Camera = ASK - - - HEAVY SCRATCHING / DEGRADED BATTERY % / Repair Message(s) = EXTRA DEDUCTION,,,,,,,,,,,,,,,,,,,,,
,Model,NEW,Grade A,Grade B,Grade C,Grade D,DOA,,NEW,Grade A,Grade B,Grade C,Grade D,DOA,,NEW,Grade A,Grade B,Grade C,Grade D,DOA,Model
,iPhone 16 128GB Unlocked,$455,$445,$425,$325,$220,$43,,$387,$378,$361,$276,$187,$37,,$329,$322,$307,$235,$159,$31,iPhone 16 128GB Unlocked
,iPhone 16 256GB Unlocked,$485,$475,$455,$355,$250,$43,,$412,$404,$387,$302,$213,$37,,$350,$343,$329,$256,$181,$31,iPhone 16 256GB Unlocked
,iPhone 16 512GB Unlocked,$505,$495,$475,$370,$260,$43,,$429,$421,$404,$315,$221,$37,,$365,$358,$343,$267,$188,$31,iPhone 16 512GB Unlocked
,iPhone 16 128GB Carrier Locked,$320,$310,$290,$250,$150,$43,,$272,$264,$247,$213,$128,$37,,$231,$224,$210,$181,$108,$31,iPhone 16 128GB Carrier Locked
,iPhone 16 256GB Carrier Locked,$350,$340,$320,$280,$160,$43,,$298,$289,$272,$238,$136,$37,,$253,$246,$231,$202,$116,$31,iPhone 16 256GB Carrier Locked
,iPhone 16 512GB Carrier Locked,$380,$370,$350,$300,$180,$43,,$323,$315,$298,$255,$153,$37,,$275,$267,$253,$217,$130,$31,iPhone 16 512GB Carrier Locked
,Degraded Battery (<80%) = EXTRA DEDUCTION / Repair Message(s) = ASK,,,,,,,,,,,,,,,,,,,,,
,Cracked Back = $60 off / Cracked Lens = $50 off / Bad Face ID = Parts / Bad Back Camera = ASK - - - HEAVY SCRATCHING / DEGRADED BATTERY % / Repair Message(s) = EXTRA DEDUCTION,,,,,,,,,,,,,,,,,,,,,
,Model,NEW,Grade A,Grade B,Grade C,Grade D,DOA,,SWAP,Grade A,Grade B,Grade C,Grade D,DOA,,SWAP,Grade A,Grade B,Grade C,Grade D,DOA,Model
,iPhone 16E 128GB Unlocked,$295,$285,$270,$185,$140,$26,,$251,$242,$230,$157,$119,$22,,$213,$206,$195,$134,$101,$19,iPhone 16E 128GB Unlocked
,iPhone 16E 256GB Unlocked,$325,$315,$300,$210,$165,$26,,$276,$268,$255,$179,$140,$22,,$235,$228,$217,$152,$119,$19,iPhone 16E 256GB Unlocked
,iPhone 16E 512GB Unlocked,$345,$335,$320,$230,$180,$26,,$293,$285,$272,$196,$153,$22,,$249,$242,$231,$166,$130,$19,iPhone 16E 512GB Unlocked
,iPhone 16E 128GB Carrier Locked,$165,$155,$130,$90,$60,$26,,$140,$132,$111,$77,$51,$22,,$119,$112,$94,$65,$43,$19,iPhone 16E 128GB Carrier Locked
,iPhone 16E 256GB Carrier Locked,$185,$175,$145,$115,$85,$26,,$157,$149,$123,$98,$72,$22,,$134,$126,$105,$83,$61,$19,iPhone 16E 256GB Carrier Locked
,iPhone 16E 512GB Carrier Locked,$205,$195,$165,$135,$90,$26,,$174,$166,$140,$115,$77,$22,,$148,$141,$119,$98,$65,$19,iPhone 16E 512GB Carrier Locked
,Degraded Battery (<80%) = EXTRA DEDUCTION / Repair Message(s) = ASK,,,,,,,,,,,,,,,,,,,,,
,Cracked Back = $100 off / Cracked Lens = $70 off / Bad Face ID = Parts / Bad Back Camera = ASK - - - HEAVY SCRATCHING / DEGRADED BATTERY % / Repair Message(s) = EXTRA DEDUCTION,,,,,,,,,,,,,,,,,,,,,
,Model,NEW,Grade A,Grade B,Grade C,Grade D,DOA,,NEW,Grade A,Grade B,Grade C,Grade D,DOA,,NEW,Grade A,Grade B,Grade C,Grade D,DOA,Model
,iPhone 15 Pro Max 256GB Unlocked,$450,$440,$420,$365,$270,$105,,$383,$374,$357,$310,$230,$89,,$325,$318,$303,$264,$195,$76,iPhone 15 Pro Max 256GB Unlocked
,iPhone 15 Pro Max 512GB Unlocked,$470,$460,$440,$385,$295,$105,,$400,$391,$374,$327,$251,$89,,$340,$332,$318,$278,$213,$76,iPhone 15 Pro Max 512GB Unlocked
,iPhone 15 Pro Max 1TB Unlocked,$490,$480,$460,$405,$310,$105,,$417,$408,$391,$344,$264,$89,,$354,$347,$332,$293,$224,$76,iPhone 15 Pro Max 1TB Unlocked
,iPhone 15 Pro Max 256GB Carrier Locked,$385,$375,$355,$290,$185,$105,,$327,$319,$302,$247,$157,$89,,$278,$271,$256,$210,$134,$76,iPhone 15 Pro Max 256GB Carrier Locked
,iPhone 15 Pro Max 512GB Carrier Locked,$415,$405,$385,$315,$205,$105,,$353,$344,$327,$268,$174,$89,,$300,$293,$278,$228,$148,$76,iPhone 15 Pro Max 512GB Carrier Locked
,iPhone 15 Pro Max 1TB Carrier Locked,$525,$515,$405,$335,$220,$105,,$446,$438,$344,$285,$187,$89,,$379,$372,$293,$242,$159,$76,iPhone 15 Pro Max 1TB Carrier Locked
,Degraded Battery (<80%) = EXTRA DEDUCTION / Repair Message(s) = ASK,,,,,,,,,,,,,,,,,,,,,
,Cracked Back = $90 off / Cracked Lens = $70 off / Bad Face ID = Parts / Bad Back Camera = ASK - - - HEAVY SCRATCHING / DEGRADED BATTERY % / Repair Message(s) = EXTRA DEDUCTION,,,,,,,,,,,,,,,,,,,,,
,Model,NEW,Grade A,Grade B,Grade C,Grade D,DOA,,NEW,Grade A,Grade B,Grade C,Grade D,DOA,,NEW,Grade A,Grade B,Grade C,Grade D,DOA,Model
,iPhone 15 Pro 128GB Unlocked,$390,$380,$360,$290,$205,$65,,$332,$323,$306,$247,$174,$55,,$282,$275,$260,$210,$148,$47,iPhone 15 Pro 128GB Unlocked
,iPhone 15 Pro 256GB Unlocked,$410,$400,$380,$310,$230,$65,,$349,$340,$323,$264,$196,$55,,$296,$289,$275,$224,$166,$47,iPhone 15 Pro 256GB Unlocked
,iPhone 15 Pro 512GB Unlocked,$430,$420,$400,$330,$250,$65,,$366,$357,$340,$281,$213,$55,,$311,$303,$289,$238,$181,$47,iPhone 15 Pro 512GB Unlocked
,iPhone 15 Pro 1TB Unlocked,$525,$435,$415,$305,$235,$65,,$446,$370,$353,$259,$200,$55,,$379,$314,$300,$220,$170,$47,iPhone 15 Pro 1TB Unlocked
,iPhone 15 Pro 128GB Carrier Locked,$310,$300,$290,$225,$155,$65,,$264,$255,$247,$191,$132,$55,,$224,$217,$210,$163,$112,$47,iPhone 15 Pro 128GB Carrier Locked
,iPhone 15 Pro 256GB Carrier Locked,$330,$320,$310,$250,$160,$65,,$281,$272,$264,$213,$136,$55,,$238,$231,$224,$181,$116,$47,iPhone 15 Pro 256GB Carrier Locked
,iPhone 15 Pro 512GB Carrier Locked,$355,$345,$330,$265,$180,$65,,$302,$293,$281,$225,$153,$55,,$256,$249,$238,$191,$130,$47,iPhone 15 Pro 512GB Carrier Locked
,iPhone 15 Pro 1TB Carrier Locked,$410,$400,$345,$280,$190,$65,,$349,$340,$293,$238,$162,$55,,$296,$289,$249,$202,$137,$47,iPhone 15 Pro 1TB Carrier Locked
,Degraded Battery (<80%) = EXTRA DEDUCTION / Repair Message(s) = ASK,,,,,,,,,,,,,,,,,,,,,
,Cracked Back = $60 off / Cracked Lens = $40 off / Bad Face ID = Parts / Bad Back Camera = ASK - - - HEAVY SCRATCHING / DEGRADED BATTERY % / Repair Message(s) = EXTRA DEDUCTION,,,,,,,,,,,,,,,,,,,,,
,Model,NEW,Grade A,Grade B,Grade C,Grade D,DOA,,NEW,Grade A,Grade B,Grade C,Grade D,DOA,,NEW,Grade A,Grade B,Grade C,Grade D,DOA,Model
,iPhone 15 Plus 128GB Unlocked,$330,$320,$300,$220,$155,$60,,$281,$272,$255,$187,$132,$51,,$238,$231,$217,$159,$112,$43,iPhone 15 Plus 128GB Unlocked
,iPhone 15 Plus 256GB Unlocked,$350,$340,$320,$245,$170,$60,,$298,$289,$272,$208,$145,$51,,$253,$246,$231,$177,$123,$43,iPhone 15 Plus 256GB Unlocked
,iPhone 15 Plus 512GB Unlocked,$370,$360,$340,$250,$180,$60,,$315,$306,$289,$213,$153,$51,,$267,$260,$246,$181,$130,$43,iPhone 15 Plus 512GB Unlocked
,iPhone 15 Plus 128GB Carrier Locked,$265,$255,$235,$185,$120,$60,,$225,$217,$200,$157,$102,$51,,$191,$184,$170,$134,$87,$43,iPhone 15 Plus 128GB Carrier Locked
,iPhone 15 Plus 256GB Carrier Locked,$295,$285,$245,$210,$140,$60,,$251,$242,$208,$179,$119,$51,,$213,$206,$177,$152,$101,$43,iPhone 15 Plus 256GB Carrier Locked
,iPhone 15 Plus 512GB Carrier Locked,$295,$285,$265,$225,$150,$60,,$251,$242,$225,$191,$128,$51,,$213,$206,$191,$163,$108,$43,iPhone 15 Plus 512GB Carrier Locked
,Degraded Battery (<80%) = EXTRA DEDUCTION / Repair Message(s) = ASK,,,,,,,,,,,,,,,,,,,,,
,Cracked Back = $60 off / Cracked Lens = $40 off / Bad Face ID = Parts / Bad Back Camera = ASK - - - HEAVY SCRATCHING / DEGRADED BATTERY % / Repair Message(s) = EXTRA DEDUCTION,,,,,,,,,,,,,,,,,,,,,
,Model,NEW,Grade A,Grade B,Grade C,Grade D,DOA,,NEW,Grade A,Grade B,Grade C,Grade D,DOA,,NEW,Grade A,Grade B,Grade C,Grade D,DOA,Model
,iPhone 15 128GB Unlocked,$310,$300,$280,$215,$155,$50,,$264,$255,$238,$183,$132,$43,,$224,$217,$202,$155,$112,$36,iPhone 15 128GB Unlocked
,iPhone 15 256GB Unlocked,$330,$320,$300,$240,$175,$50,,$281,$272,$255,$204,$149,$43,,$238,$231,$217,$173,$126,$36,iPhone 15 256GB Unlocked
,iPhone 15 512GB Unlocked,$350,$340,$320,$250,$185,$50,,$298,$289,$272,$213,$157,$43,,$253,$246,$231,$181,$134,$36,iPhone 15 512GB Unlocked
,iPhone 15 128GB Carrier Locked,$235,$225,$205,$140,$105,$50,,$200,$191,$174,$119,$89,$43,,$170,$163,$148,$101,$76,$36,iPhone 15 128GB Carrier Locked
,iPhone 15 256GB Carrier Locked,$255,$245,$225,$180,$130,$50,,$217,$208,$191,$153,$111,$43,,$184,$177,$163,$130,$94,$36,iPhone 15 256GB Carrier Locked
,iPhone 15 512GB Carrier Locked,$275,$265,$245,$190,$140,$50,,$234,$225,$208,$162,$119,$43,,$199,$191,$177,$137,$101,$36,iPhone 15 512GB Carrier Locked
,Degraded Battery (<80%) = EXTRA DEDUCTION / Repair Message(s) = ASK,,,,,,,,,,,,,,,,,,,,,
,Cracked Back = $90 off / Cracked Lens = $50 off / Bad Face ID = Parts / Bad Back Camera = ASK - - - HEAVY SCRATCHING / DEGRADED BATTERY % / Repair Message(s) = EXTRA DEDUCTION,,,,,,,,,,,,,,,,,,,,,
,Model,NEW,Grade A,Grade B,Grade C,Grade D,DOA,,NEW,Grade A,Grade B,Grade C,Grade D,DOA,,NEW,Grade A,Grade B,Grade C,Grade D,DOA,Model
,iPhone 14 Pro Max 128GB Unlocked,$355,$345,$325,$275,$210,$80,,$302,$293,$276,$234,$179,$68,,$256,$249,$235,$199,$152,$58,iPhone 14 Pro Max 128GB Unlocked
,iPhone 14 Pro Max 256GB Unlocked,$375,$365,$345,$305,$220,$80,,$319,$310,$293,$259,$187,$68,,$271,$264,$249,$220,$159,$58,iPhone 14 Pro Max 256GB Unlocked
,iPhone 14 Pro Max 512GB Unlocked,$395,$385,$365,$310,$230,$80,,$336,$327,$310,$264,$196,$68,,$285,$278,$264,$224,$166,$58,iPhone 14 Pro Max 512GB Unlocked
,iPhone 14 Pro Max 1TB Unlocked,$275,$400,$380,$250,$240,$80,,$234,$340,$323,$213,$204,$68,,$199,$289,$275,$181,$173,$58,iPhone 14 Pro Max 1TB Unlocked
,iPhone 14 Pro Max 128GB Carrier Locked,$280,$270,$250,$200,$130,$80,,$238,$230,$213,$170,$111,$68,,$202,$195,$181,$145,$94,$58,iPhone 14 Pro Max 128GB Carrier Locked
,iPhone 14 Pro Max 256GB Carrier Locked,$300,$290,$270,$225,$145,$80,,$255,$247,$230,$191,$123,$68,,$217,$210,$195,$163,$105,$58,iPhone 14 Pro Max 256GB Carrier Locked
,iPhone 14 Pro Max 512GB Carrier Locked,$320,$310,$290,$240,$150,$80,,$272,$264,$247,$204,$128,$68,,$231,$224,$210,$173,$108,$58,iPhone 14 Pro Max 512GB Carrier Locked
,iPhone 14 Pro Max 1TB Carrier Locked,$340,$330,$320,$260,$170,$80,,$289,$281,$272,$221,$145,$68,,$246,$238,$231,$188,$123,$58,iPhone 14 Pro Max 1TB Carrier Locked
,Degraded Battery (<80%) = EXTRA DEDUCTION / Repair Message(s) = ASK,,,,,,,,,,,,,,,,,,,,,
,Cracked Back = $80 off / Cracked Lens = $50 off / Bad Face ID = Parts / Bad Back Camera = ASK - - - HEAVY SCRATCHING / DEGRADED BATTERY % / Repair Message(s) = EXTRA DEDUCTION,,,,,,,,,,,,,,,,,,,,,
,Model,NEW,Grade A,Grade B,Grade C,Grade D,DOA,,NEW,Grade A,Grade B,Grade C,Grade D,DOA,,NEW,Grade A,Grade B,Grade C,Grade D,DOA,Model
,iPhone 14 Pro 128GB Unlocked,$310,$300,$285,$230,$160,$40,,$264,$255,$242,$196,$136,$34,,$224,$217,$206,$166,$116,$29,iPhone 14 Pro 128GB Unlocked
,iPhone 14 Pro 256GB Unlocked,$330,$320,$305,$250,$175,$40,,$281,$272,$259,$213,$149,$34,,$238,$231,$220,$181,$126,$29,iPhone 14 Pro 256GB Unlocked
,iPhone 14 Pro 512GB Unlocked,$345,$335,$320,$260,$185,$40,,$293,$285,$272,$221,$157,$34,,$249,$242,$231,$188,$134,$29,iPhone 14 Pro 512GB Unlocked
,iPhone 14 Pro 1TB Unlocked,$340,$350,$335,$270,$195,$40,,$289,$298,$285,$230,$166,$34,,$246,$253,$242,$195,$141,$29,iPhone 14 Pro 1TB Unlocked
,iPhone 14 Pro 128GB Carrier Locked,$250,$240,$225,$175,$110,$40,,$213,$204,$191,$149,$94,$34,,$181,$173,$163,$126,$79,$29,iPhone 14 Pro 128GB Carrier Locked
,iPhone 14 Pro 256GB Carrier Locked,$270,$260,$235,$180,$115,$40,,$230,$221,$200,$153,$98,$34,,$195,$188,$170,$130,$83,$29,iPhone 14 Pro 256GB Carrier Locked
,iPhone 14 Pro 512GB Carrier Locked,$285,$275,$260,$200,$130,$40,,$242,$234,$221,$170,$111,$34,,$206,$199,$188,$145,$94,$29,iPhone 14 Pro 512GB Carrier Locked
,iPhone 14 Pro 1TB Carrier Locked,$300,$290,$280,$220,$150,$40,,$255,$247,$238,$187,$128,$34,,$217,$210,$202,$159,$108,$29,iPhone 14 Pro 1TB Carrier Locked
,Degraded Battery (<80%) = EXTRA DEDUCTION / Repair Message(s) = ASK,,,,,,,,,,,,,,,,,,,,,
,Cracked Back = $50 off / Cracked Lens = $40 off / Bad Face ID = Parts / Bad Back Camera = ASK - - - HEAVY SCRATCHING / DEGRADED BATTERY % / Repair Message(s) = EXTRA DEDUCTION,,,,,,,,,,,,,,,,,,,,,
,Model,NEW,Grade A,Grade B,Grade C,Grade D,DOA,,NEW,Grade A,Grade B,Grade C,Grade D,DOA,,NEW,Grade A,Grade B,Grade C,Grade D,DOA,Model
,iPhone 14 Plus 128GB Unlocked,$270,$260,$245,$155,$100,$45,,$230,$221,$208,$132,$85,$38,,$195,$188,$177,$112,$72,$33,iPhone 14 Plus 128GB Unlocked
,iPhone 14 Plus 256GB Unlocked,$285,$275,$260,$175,$115,$45,,$242,$234,$221,$149,$98,$38,,$206,$199,$188,$126,$83,$33,iPhone 14 Plus 256GB Unlocked
,iPhone 14 Plus 512GB Unlocked,$300,$290,$275,$175,$115,$45,,$255,$247,$234,$149,$98,$38,,$217,$210,$199,$126,$83,$33,iPhone 14 Plus 512GB Unlocked
,iPhone 14 Plus 128GB Carrier Locked,$175,$165,$150,$105,$65,$45,,$149,$140,$128,$89,$55,$38,,$126,$119,$108,$76,$47,$33,iPhone 14 Plus 128GB Carrier Locked
,iPhone 14 Plus 256GB Carrier Locked,$180,$170,$150,$105,$75,$45,,$153,$145,$128,$89,$64,$38,,$130,$123,$108,$76,$54,$33,iPhone 14 Plus 256GB Carrier Locked
,iPhone 14 Plus 512GB Carrier Locked,$205,$195,$160,$115,$75,$45,,$174,$166,$136,$98,$64,$38,,$148,$141,$116,$83,$54,$33,iPhone 14 Plus 512GB Carrier Locked
,Degraded Battery (<80%) = EXTRA DEDUCTION / Repair Message(s) = ASK,,,,,,,,,,,,,,,,,,,,,
,Cracked Back = $50 off / Cracked Lens = $40 off / Bad Face ID = Parts / Bad Back Camera = ASK - - - HEAVY SCRATCHING / DEGRADED BATTERY % / Repair Message(s) = EXTRA DEDUCTION,,,,,,,,,,,,,,,,,,,,,
,Model,NEW,Grade A,Grade B,Grade C,Grade D,DOA,,NEW,Grade A,Grade B,Grade C,Grade D,DOA,,NEW,Grade A,Grade B,Grade C,Grade D,DOA,Model
,iPhone 14 128GB Unlocked,$225,$215,$200,$155,$115,$45,,$191,$183,$170,$132,$98,$38,,$163,$155,$145,$112,$83,$33,iPhone 14 128GB Unlocked
,iPhone 14 256GB Unlocked,$245,$235,$220,$175,$125,$45,,$208,$200,$187,$149,$106,$38,,$177,$170,$159,$126,$90,$33,iPhone 14 256GB Unlocked
,iPhone 14 512GB Unlocked,$260,$250,$235,$175,$125,$45,,$221,$213,$200,$149,$106,$38,,$188,$181,$170,$126,$90,$33,iPhone 14 512GB Unlocked
,iPhone 14 128GB Carrier Locked,$145,$135,$130,$95,$70,$30,,$123,$115,$111,$81,$60,$26,,$105,$98,$94,$69,$51,$22,iPhone 14 128GB Carrier Locked
,iPhone 14 256GB Carrier Locked,$155,$145,$130,$105,$80,$30,,$132,$123,$111,$89,$68,$26,,$112,$105,$94,$76,$58,$22,iPhone 14 256GB Carrier Locked
,iPhone 14 512GB Carrier Locked,$160,$150,$140,$110,$85,$30,,$136,$128,$119,$94,$72,$26,,$116,$108,$101,$79,$61,$22,iPhone 14 512GB Carrier Locked
,Degraded Battery (<80%) = EXTRA DEDUCTION / Repair Message(s) = ASK,,,,,,,,,,,,,,,,,,,,,
,Cracked Back = $70 off / Cracked Lens = $50 off / Bad Face ID = ASK / Bad Back Camera = ASK - - - HEAVY SCRATCHING / DEGRADED BATTERY % / Repair Message(s) = EXTRA DEDUCTION,,,,,,,,,,,,,,,,,,,,,
,Model,NEW,Grade A,Grade B,Grade C,Grade D,DOA,,NEW,Grade A,Grade B,Grade C,Grade D,DOA,,NEW,Grade A,Grade B,Grade C,Grade D,DOA,Model
,iPhone 13 Pro Max 128GB Unlocked,$315,$305,$285,$215,$175,$45,,$268,$259,$242,$183,$149,$38,,$254,$246,$230,$174,$141,$36,iPhone 13 Pro Max 128GB Unlocked
,iPhone 13 Pro Max 256GB Unlocked,$335,$325,$305,$235,$195,$45,,$285,$276,$259,$200,$166,$38,,$271,$262,$246,$190,$157,$36,iPhone 13 Pro Max 256GB Unlocked
,iPhone 13 Pro Max 512GB Unlocked,$355,$345,$325,$255,$205,$45,,$302,$293,$276,$217,$174,$38,,$287,$279,$262,$206,$166,$36,iPhone 13 Pro Max 512GB Unlocked
,iPhone 13 Pro Max 1TB Unlocked,$160,$365,$345,$300,$215,$45,,$136,$310,$293,$255,$183,$38,,$129,$295,$279,$242,$174,$36,iPhone 13 Pro Max 1TB Unlocked
,iPhone 13 Pro Max 128GB Carrier Locked,$250,$240,$230,$170,$110,$45,,$213,$204,$196,$145,$94,$38,,$202,$194,$186,$137,$89,$36,iPhone 13 Pro Max 128GB Carrier Locked
,iPhone 13 Pro Max 256GB Carrier Locked,$260,$250,$240,$185,$125,$45,,$221,$213,$204,$157,$106,$38,,$210,$202,$194,$149,$101,$36,iPhone 13 Pro Max 256GB Carrier Locked
,iPhone 13 Pro Max 512GB Carrier Locked,$270,$260,$250,$195,$145,$45,,$230,$221,$213,$166,$123,$38,,$218,$210,$202,$157,$117,$36,iPhone 13 Pro Max 512GB Carrier Locked
,iPhone 13 Pro Max 1TB Carrier Locked,$270,$260,$250,$195,$145,$45,,$230,$221,$213,$166,$123,$38,,$218,$210,$202,$157,$117,$36,iPhone 13 Pro Max 1TB Carrier Locked
,Degraded Battery (<80%) = EXTRA DEDUCTION / Repair Message(s) = ASK,,,,,,,,,,,,,,,,,,,,,
,Cracked Back = $60 off / Cracked Lens = $40 off / Bad Face ID = ASK / Bad Back Camera = ASK - - - HEAVY SCRATCHING / DEGRADED BATTERY % / Repair Message(s) = EXTRA DEDUCTION,,,,,,,,,,,,,,,,,,,,,
,Model,NEW,Grade A,Grade B,Grade C,Grade D,DOA,,NEW,Grade A,Grade B,Grade C,Grade D,DOA,,NEW,Grade A,Grade B,Grade C,Grade D,DOA,Model
,iPhone 13 Pro 128GB Unlocked,$270,$260,$240,$180,$145,$45,,$230,$221,$204,$153,$123,$38,,$218,$210,$194,$145,$117,$36,iPhone 13 Pro 128GB Unlocked
,iPhone 13 Pro 256GB Unlocked,$290,$280,$260,$195,$160,$45,,$247,$238,$221,$166,$136,$38,,$234,$226,$210,$157,$129,$36,iPhone 13 Pro 256GB Unlocked
,iPhone 13 Pro 512GB Unlocked,$310,$300,$280,$215,$160,$45,,$264,$255,$238,$183,$136,$38,,$250,$242,$226,$174,$129,$36,iPhone 13 Pro 512GB Unlocked
,iPhone 13 Pro 1TB Unlocked,$320,$310,$290,$215,$160,$45,,$272,$264,$247,$183,$136,$38,,$258,$250,$234,$174,$129,$36,iPhone 13 Pro 1TB Unlocked
,iPhone 13 Pro 128GB Carrier Locked,$190,$180,$170,$140,$85,$45,,$162,$153,$145,$119,$72,$38,,$153,$145,$137,$113,$69,$36,iPhone 13 Pro 128GB Carrier Locked
,iPhone 13 Pro 256GB Carrier Locked,$205,$195,$180,$155,$100,$45,,$174,$166,$153,$132,$85,$38,,$166,$157,$145,$125,$81,$36,iPhone 13 Pro 256GB Carrier Locked
,iPhone 13 Pro 512GB Carrier Locked,$215,$205,$190,$165,$110,$45,,$183,$174,$162,$140,$94,$38,,$174,$166,$153,$133,$89,$36,iPhone 13 Pro 512GB Carrier Locked
,iPhone 13 Pro 1TB Carrier Locked,$220,$210,$200,$165,$110,$45,,$187,$179,$170,$140,$94,$38,,$178,$170,$162,$133,$89,$36,iPhone 13 Pro 1TB Carrier Locked
,Degraded Battery (<80%) = EXTRA DEDUCTION / Repair Message(s) = ASK,,,,,,,,,,,,,,,,,,,,,
,Cracked Back = $50 off / Cracked Lens = $40 off / Bad Face ID = ASK / Bad Back Camera = ASK - - - HEAVY SCRATCHING / DEGRADED BATTERY % / Repair Message(s) = EXTRA DEDUCTION,,,,,,,,,,,,,,,,,,,,,
,Model,NEW,Grade A,Grade B,Grade C,Grade D,DOA,,NEW,Grade A,Grade B,Grade C,Grade D,DOA,,NEW,Grade A,Grade B,Grade C,Grade D,DOA,Model
,iPhone 13 128GB Unlocked,$210,$200,$185,$140,$95,$20,,$179,$170,$157,$119,$81,$17,,$170,$162,$149,$113,$77,$16,iPhone 13 128GB Unlocked
,iPhone 13 256GB Unlocked,$230,$220,$205,$150,$110,$20,,$196,$187,$174,$128,$94,$17,,$186,$178,$166,$121,$89,$16,iPhone 13 256GB Unlocked
,iPhone 13 512GB Unlocked,$240,$230,$215,$155,$110,$20,,$204,$196,$183,$132,$94,$17,,$194,$186,$174,$125,$89,$16,iPhone 13 512GB Unlocked
,iPhone 13 128GB Carrier Locked,$150,$140,$125,$75,$65,$20,,$128,$119,$106,$64,$55,$17,,$121,$113,$101,$61,$52,$16,iPhone 13 128GB Carrier Locked
,iPhone 13 256GB Carrier Locked,$160,$150,$135,$85,$70,$20,,$136,$128,$115,$72,$60,$17,,$129,$121,$109,$69,$57,$16,iPhone 13 256GB Carrier Locked
,iPhone 13 512GB Carrier Locked,$170,$160,$145,$95,$80,$20,,$145,$136,$123,$81,$68,$17,,$137,$129,$117,$77,$65,$16,iPhone 13 512GB Carrier Locked
,Degraded Battery (<80%) = EXTRA DEDUCTION / Repair Message(s) = ASK,,,,,,,,,,,,,,,,,,,,,
,Cracked Back = $40 off / Cracked Lens = $40 off / Bad Face ID = ASK / Bad Back Camera = ASK - - - HEAVY SCRATCHING / DEGRADED BATTERY % / Repair Message(s) = EXTRA DEDUCTION,,,,,,,,,,,,,,,,,,,,,
,Model,NEW,Grade A,Grade B,Grade C,Grade D,DOA,,NEW,Grade A,Grade B,Grade C,Grade D,DOA,,NEW,Grade A,Grade B,Grade C,Grade D,DOA,Model
,iPhone 13 Mini 128GB Unlocked,$160,$150,$135,$90,$50,$17,,$136,$128,$115,$77,$43,$14,,$129,$121,$109,$73,$40,$14,iPhone 13 Mini 128GB Unlocked
,iPhone 13 Mini 256GB Unlocked,$175,$165,$150,$100,$65,$17,,$149,$140,$128,$85,$55,$14,,$141,$133,$121,$81,$52,$14,iPhone 13 Mini 256GB Unlocked
,iPhone 13 Mini 512GB Unlocked,$185,$175,$160,$100,$65,$17,,$157,$149,$136,$85,$55,$14,,$149,$141,$129,$81,$52,$14,iPhone 13 Mini 512GB Unlocked
,iPhone 13 Mini 128GB Carrier Locked,$95,$90,$85,$40,$30,$17,,$81,$77,$72,$34,$26,$14,,$77,$73,$69,$32,$24,$14,iPhone 13 Mini 128GB Carrier Locked
,iPhone 13 Mini 256GB Carrier Locked,$110,$105,$100,$50,$40,$17,,$94,$89,$85,$43,$34,$14,,$89,$85,$81,$40,$32,$14,iPhone 13 Mini 256GB Carrier Locked
,iPhone 13 Mini 512GB Carrier Locked,$110,$105,$100,$55,$45,$17,,$94,$89,$85,$47,$38,$14,,$89,$85,$81,$44,$36,$14,iPhone 13 Mini 512GB Carrier Locked
,Degraded Battery (<80%) = EXTRA DEDUCTION / Repair Message(s) = ASK,,,,,,,,,,,,,,,,,,,,,
,Cracked Back = $30 off / Cracked Lens = $20 off / Bad Face ID = ASK / Bad Back Camera = $25 off - - - HEAVY SCRATCHING / DEGRADED BATTERY % / Repair Message(s) = EXTRA DEDUCTION,,,,,,,,,,,,,,,,,,,,,
,Model,NEW,Grade A,Grade B,Grade C,Grade D,DOA,,NEW,Grade A,Grade B,Grade C,Grade D,DOA,,NEW,Grade A,Grade B,Grade C,Grade D,DOA,Model
,iPhone SE (3rd Gen) 64GB Unlocked,$80,$75,$65,$25,$15,$3,,$68,$64,$55,$21,$13,$3,,$65,$61,$52,$20,$12,$2,iPhone SE (3rd Gen) 64GB Unlocked
,iPhone SE (3rd Gen) 128GB Unlocked,$90,$85,$75,$35,$25,$3,,$77,$72,$64,$30,$21,$3,,$73,$69,$61,$28,$20,$2,iPhone SE (3rd Gen) 128GB Unlocked
,iPhone SE (3rd Gen) 256GB Unlocked,$95,$90,$80,$45,$35,$3,,$81,$77,$68,$38,$30,$3,,$77,$73,$65,$36,$28,$2,iPhone SE (3rd Gen) 256GB Unlocked
,iPhone SE (3rd Gen) 64GB Carrier Locked,$40,$35,$30,$20,$10,$3,,$34,$30,$26,$17,$9,$3,,$32,$28,$24,$16,$8,$2,iPhone SE (3rd Gen) 64GB Carrier Locked
,iPhone SE (3rd Gen) 128GB Carrier Locked,$45,$40,$35,$25,$15,$3,,$38,$34,$30,$21,$13,$3,,$36,$32,$28,$20,$12,$2,iPhone SE (3rd Gen) 128GB Carrier Locked
,iPhone SE (3rd Gen) 256GB Carrier Locked,$50,$45,$40,$30,$20,$3,,$43,$38,$34,$26,$17,$3,,$40,$36,$32,$24,$16,$2,iPhone SE (3rd Gen) 256GB Carrier Locked
,Degraded Battery (<80%) = EXTRA DEDUCTION / Repair Message(s) = ASK,,,,,,,,,,,,,,,,,,,,,
,Cracked Back = $60 off / Cracked Lens = $40 off / Bad Face ID = ASK / Bad Back Camera = $80 off - - - HEAVY SCRATCHING / DEGRADED BATTERY % / Repair Message(s) = EXTRA DEDUCTION,,,,,,,,,,,,,,,,,,,,,
,Model,NEW,Grade A,Grade B,Grade C,Grade D,DOA,,NEW,Grade A,Grade B,Grade C,Grade D,DOA,,NEW,Grade A,Grade B,Grade C,Grade D,DOA,Model
,iPhone 12 Pro Max 128GB Unlocked,$245,$235,$220,$135,$90,$38,,$208,$200,$187,$115,$77,$32,,$198,$190,$178,$109,$73,$31,iPhone 12 Pro Max 128GB Unlocked
,iPhone 12 Pro Max 256GB Unlocked,$265,$255,$240,$150,$105,$38,,$225,$217,$204,$128,$89,$32,,$214,$206,$194,$121,$85,$31,iPhone 12 Pro Max 256GB Unlocked
,iPhone 12 Pro Max 512GB Unlocked,$280,$270,$255,$150,$105,$38,,$238,$230,$217,$128,$89,$32,,$226,$218,$206,$121,$85,$31,iPhone 12 Pro Max 512GB Unlocked
,iPhone 12 Pro Max 128GB Carrier Locked,$145,$135,$120,$100,$65,$38,,$123,$115,$102,$85,$55,$32,,$117,$109,$97,$81,$52,$31,iPhone 12 Pro Max 128GB Carrier Locked
,iPhone 12 Pro Max 256GB Carrier Locked,$155,$145,$125,$110,$80,$38,,$132,$123,$106,$94,$68,$32,,$125,$117,$101,$89,$65,$31,iPhone 12 Pro Max 256GB Carrier Locked
,iPhone 12 Pro Max 512GB Carrier Locked,$160,$150,$140,$105,$75,$38,,$136,$128,$119,$89,$64,$32,,$129,$121,$113,$85,$61,$31,iPhone 12 Pro Max 512GB Carrier Locked
,Degraded Battery (<80%) = EXTRA DEDUCTION / Repair Message(s) = ASK,,,,,,,,,,,,,,,,,,,,,
,Cracked Back = $50 off / Cracked Lens = $40 off / Bad Face ID = ASK / Bad Back Camera = $80 off - - - HEAVY SCRATCHING / DEGRADED BATTERY % / Repair Message(s) = EXTRA DEDUCTION,,,,,,,,,,,,,,,,,,,,,
,Model,NEW,Grade A,Grade B,Grade C,Grade D,DOA,,NEW,Grade A,Grade B,Grade C,Grade D,DOA,,NEW,Grade A,Grade B,Grade C,Grade D,DOA,Model
,iPhone 12 Pro 128GB Unlocked,$195,$185,$170,$90,$70,$17,,$166,$157,$145,$77,$60,$14,,$141,$134,$123,$65,$51,$12,iPhone 12 Pro 128GB Unlocked
,iPhone 12 Pro 256GB Unlocked,$210,$200,$185,$100,$90,$17,,$179,$170,$157,$85,$77,$14,,$152,$145,$134,$72,$65,$12,iPhone 12 Pro 256GB Unlocked
,iPhone 12 Pro 512GB Unlocked,$225,$215,$200,$100,$90,$17,,$191,$183,$170,$85,$77,$14,,$163,$155,$145,$72,$65,$12,iPhone 12 Pro 512GB Unlocked
,iPhone 12 Pro 128GB Carrier Locked,$125,$115,$100,$75,$55,$17,,$106,$98,$85,$64,$47,$14,,$90,$83,$72,$54,$40,$12,iPhone 12 Pro 128GB Carrier Locked
,iPhone 12 Pro 256GB Carrier Locked,$135,$125,$110,$85,$60,$17,,$115,$106,$94,$72,$51,$14,,$98,$90,$79,$61,$43,$12,iPhone 12 Pro 256GB Carrier Locked
,iPhone 12 Pro 512GB Carrier Locked,$140,$130,$115,$85,$55,$17,,$119,$111,$98,$72,$47,$14,,$101,$94,$83,$61,$40,$12,iPhone 12 Pro 512GB Carrier Locked
,Degraded Battery (<80%) = EXTRA DEDUCTION / Repair Message(s) = ASK,,,,,,,,,,,,,,,,,,,,,
,Cracked Back = $40 off / Cracked Lens = $30 off / Bad Face ID = ASK / Bad Back Camera = $50 off - - - HEAVY SCRATCHING / DEGRADED BATTERY % / Repair Message(s) = EXTRA DEDUCTION,,,,,,,,,,,,,,,,,,,,,
,Model,NEW,Grade A,Grade B,Grade C,Grade D,DOA,,NEW,Grade A,Grade B,Grade C,Grade D,DOA,,NEW,Grade A,Grade B,Grade C,Grade D,DOA,Model
,iPhone 12 64GB Unlocked,$140,$130,$120,$45,$30,$14,,$119,$111,$102,$38,$26,$12,,$113,$105,$97,$36,$24,$11,iPhone 12 64GB Unlocked
,iPhone 12 128GB Unlocked,$155,$145,$135,$50,$40,$14,,$132,$123,$115,$43,$34,$12,,$125,$117,$109,$40,$32,$11,iPhone 12 128GB Unlocked
,iPhone 12 256GB Unlocked,$165,$155,$145,$70,$50,$14,,$140,$132,$123,$60,$43,$12,,$133,$125,$117,$57,$40,$11,iPhone 12 256GB Unlocked
,iPhone 12 64GB Carrier Locked,$90,$80,$75,$45,$30,$14,,$77,$68,$64,$38,$26,$12,,$73,$65,$61,$36,$24,$11,iPhone 12 64GB Carrier Locked
,iPhone 12 128GB Carrier Locked,$100,$90,$85,$55,$40,$14,,$85,$77,$72,$47,$34,$12,,$81,$73,$69,$44,$32,$11,iPhone 12 128GB Carrier Locked
,iPhone 12 256GB Carrier Locked,$110,$100,$95,$60,$40,$14,,$94,$85,$81,$51,$34,$12,,$89,$81,$77,$48,$32,$11,iPhone 12 256GB Carrier Locked
,Degraded Battery (<80%) = EXTRA DEDUCTION / Repair Message(s) = ASK,,,,,,,,,,,,,,,,,,,,,
,Cracked Back = $40 off / Cracked Lens = $30 off / Bad Face ID = ASK / Bad Back Camera = $50 off - - - HEAVY SCRATCHING / DEGRADED BATTERY % / Repair Message(s) = EXTRA DEDUCTION,,,,,,,,,,,,,,,,,,,,,
,Model,NEW,Grade A,Grade B,Grade C,Grade D,DOA,,NEW,Grade A,Grade B,Grade C,Grade D,DOA,,NEW,Grade A,Grade B,Grade C,Grade D,DOA,Model
,iPhone 12 Mini 64GB Unlocked,$120,$110,$100,$30,$20,$9,,$102,$94,$85,$26,$17,$8,,$97,$89,$81,$24,$16,$7,iPhone 12 Mini 64GB Unlocked
,iPhone 12 Mini 128GB Unlocked,$135,$125,$115,$40,$30,$9,,$115,$106,$98,$34,$26,$8,,$109,$101,$93,$32,$24,$7,iPhone 12 Mini 128GB Unlocked
,iPhone 12 Mini 256GB Unlocked,$145,$135,$125,$40,$30,$9,,$123,$115,$106,$34,$26,$8,,$117,$109,$101,$32,$24,$7,iPhone 12 Mini 256GB Unlocked
,iPhone 12 Mini 64GB Carrier Locked,$70,$60,$60,$35,$20,$9,,$60,$51,$51,$30,$17,$8,,$57,$48,$48,$28,$16,$7,iPhone 12 Mini 64GB Carrier Locked
,iPhone 12 Mini 128GB Carrier Locked,$80,$70,$70,$45,$30,$9,,$68,$60,$60,$38,$26,$8,,$65,$57,$57,$36,$24,$7,iPhone 12 Mini 128GB Carrier Locked
,iPhone 12 Mini 256GB Carrier Locked,$90,$80,$80,$45,$35,$9,,$77,$68,$68,$38,$30,$8,,$73,$65,$65,$36,$28,$7,iPhone 12 Mini 256GB Carrier Locked
,Degraded Battery (<80%) = EXTRA DEDUCTION / Repair Message(s) = ASK,,,,,,,,,,,,,,,,,,,,,
,Cracked Back = $40 off / Cracked Lens = $30 off / Bad Face ID = ASK / Bad Back Camera = $40 off - - - HEAVY SCRATCHING / DEGRADED BATTERY % / Repair Message(s) = EXTRA DEDUCTION,,,,,,,,,,,,,,,,,,,,,
,Model,NEW,Grade A,Grade B,Grade C,Grade D,DOA,,NEW,Grade A,Grade B,Grade C,Grade D,DOA,,NEW,Grade A,Grade B,Grade C,Grade D,DOA,Model
,iPhone 11 Pro Max 64GB Unlocked,$175,$170,$155,$90,$55,$14,,$149,$145,$132,$77,$47,$12,,$141,$137,$125,$73,$44,$11,iPhone 11 Pro Max 64GB Unlocked
,iPhone 11 Pro Max 256GB Unlocked,$190,$185,$170,$110,$60,$14,,$162,$157,$145,$94,$51,$12,,$153,$149,$137,$89,$48,$11,iPhone 11 Pro Max 256GB Unlocked
,iPhone 11 Pro Max 512GB Unlocked,$205,$200,$185,$130,$65,$14,,$174,$170,$157,$111,$55,$12,,$166,$162,$149,$105,$52,$11,iPhone 11 Pro Max 512GB Unlocked
,iPhone 11 Pro Max 64GB Carrier Locked,$95,$90,$90,$30,$10,$14,,$81,$77,$77,$26,$9,$12,,$77,$73,$73,$24,$8,$11,iPhone 11 Pro Max 64GB Carrier Locked
,iPhone 11 Pro Max 256GB Carrier Locked,$105,$100,$100,$40,$15,$14,,$89,$85,$85,$34,$13,$12,,$85,$81,$81,$32,$12,$11,iPhone 11 Pro Max 256GB Carrier Locked
,iPhone 11 Pro Max 512GB Carrier Locked,$115,$110,$110,$50,$20,$14,,$98,$94,$94,$43,$17,$12,,$93,$89,$89,$40,$16,$11,iPhone 11 Pro Max 512GB Carrier Locked
,Degraded Battery (<80%) = EXTRA DEDUCTION / Repair Message(s) = ASK,,,,,,,,,,,,,,,,,,,,,
,Cracked Back = $40 off / Cracked Lens = $30 off / Bad Face ID = ASK / Bad Back Camera = $40 off - - - HEAVY SCRATCHING / DEGRADED BATTERY % / Repair Message(s) = EXTRA DEDUCTION,,,,,,,,,,,,,,,,,,,,,
,Model,NEW,Grade A,Grade B,Grade C,Grade D,DOA,,NEW,Grade A,Grade B,Grade C,Grade D,DOA,,NEW,Grade A,Grade B,Grade C,Grade D,DOA,Model
,iPhone 11 Pro 64GB Unlocked,$145,$140,$125,$65,$5,$14,,$123,$119,$106,$55,$4,$12,,$117,$113,$101,$52,$4,$11,iPhone 11 Pro 64GB Unlocked
,iPhone 11 Pro 256GB Unlocked,$160,$155,$140,$85,$25,$14,,$136,$132,$119,$72,$21,$12,,$129,$125,$113,$69,$20,$11,iPhone 11 Pro 256GB Unlocked
,iPhone 11 Pro 512GB Unlocked,$170,$165,$150,$105,$45,$14,,$145,$140,$128,$89,$38,$12,,$137,$133,$121,$85,$36,$11,iPhone 11 Pro 512GB Unlocked
,iPhone 11 Pro 64GB Carrier Locked,$75,$70,$70,$30,$10,$14,,$64,$60,$60,$26,$9,$12,,$61,$57,$57,$24,$8,$11,iPhone 11 Pro 64GB Carrier Locked
,iPhone 11 Pro 256GB Carrier Locked,$85,$80,$80,$40,$20,$14,,$72,$68,$68,$34,$17,$12,,$69,$65,$65,$32,$16,$11,iPhone 11 Pro 256GB Carrier Locked
,iPhone 11 Pro 512GB Carrier Locked,$95,$90,$90,$50,$30,$14,,$81,$77,$77,$43,$26,$12,,$77,$73,$73,$40,$24,$11,iPhone 11 Pro 512GB Carrier Locked
,Degraded Battery (<80%) = EXTRA DEDUCTION / Repair Message(s) = ASK,,,,,,,,,,,,,,,,,,,,,
,Cracked Back = $30 off / Cracked Lens = $20 off / Bad Face ID = ASK / Bad Back Camera = $40 off - - - HEAVY SCRATCHING / DEGRADED BATTERY % / Repair Message(s) = EXTRA DEDUCTION,,,,,,,,,,,,,,,,,,,,,
,Model,NEW,Grade A,Grade B,Grade C,Grade D,DOA,,NEW,Grade A,Grade B,Grade C,Grade D,DOA,,NEW,Grade A,Grade B,Grade C,Grade D,DOA,Model
,iPhone 11 64GB Unlocked,$125,$115,$105,$45,$15,$17,,$106,$98,$89,$38,$13,$14,,$90,$83,$76,$33,$11,$12,iPhone 11 64GB Unlocked
,iPhone 11 128GB Unlocked,$140,$130,$120,$60,$30,$17,,$119,$111,$102,$51,$26,$14,,$101,$94,$87,$43,$22,$12,iPhone 11 128GB Unlocked
,iPhone 11 256GB Unlocked,$150,$140,$130,$70,$40,$17,,$128,$119,$111,$60,$34,$14,,$108,$101,$94,$51,$29,$12,iPhone 11 256GB Unlocked
,iPhone 11 64GB Carrier Locked,$80,$75,$75,$35,$15,$17,,$68,$64,$64,$30,$13,$14,,$58,$54,$54,$25,$11,$12,iPhone 11 64GB Carrier Locked
,iPhone 11 128GB Carrier Locked,$85,$80,$80,$40,$20,$17,,$72,$68,$68,$34,$17,$14,,$61,$58,$58,$29,$14,$12,iPhone 11 128GB Carrier Locked
,iPhone 11 256GB Carrier Locked,$90,$85,$85,$45,$25,$17,,$77,$72,$72,$38,$21,$14,,$65,$61,$61,$33,$18,$12,iPhone 11 256GB Carrier Locked
,Degraded Battery (<80%) = EXTRA DEDUCTION / Repair Message(s) = ASK,,,,,,,,,,,,,,,,,,,,,
,Cracked Back = $20 off / Cracked Lens = $10 off / Bad Face ID = Grade D / Bad Back Camera = $30 off - - - HEAVY SCRATCHING / DEGRADED BATTERY % / Repair Message(s) = EXTRA DEDUCTION,,,,,,,,,,,,,,,,,,,,,
,Model,NEW,Grade A,Grade B,Grade C,Grade D,DOA,,NEW,Grade A,Grade B,Grade C,Grade D,DOA (No iC),,NEW,Grade A,Grade B,Grade C,Grade D,DOA (No iC),Model
,SE (2020) 64GB Unlocked,$65,$60,$55,$25,$20,$3,,$55,$51,$47,$21,$17,$3,,$47,$43,$40,$18,$14,$2,SE (2020) 64GB Unlocked
,SE (2020) 128GB Unlocked,$70,$65,$60,$25,$25,$3,,$60,$55,$51,$21,$21,$3,,$51,$47,$43,$18,$18,$2,SE (2020) 128GB Unlocked
,SE (2020) 256GB Unlocked,$75,$70,$65,$30,$25,$3,,$64,$60,$55,$26,$21,$3,,$54,$51,$47,$22,$18,$2,SE (2020) 256GB Unlocked
,SE (2020) 64GB Carrier Locked,$40,$35,$35,$10,$0,$3,,$34,$30,$30,$9,$0,$3,,$29,$25,$25,$7,$0,$2,SE (2020) 64GB Carrier Locked
,SE (2020) 128GB Carrier Locked,$45,$40,$40,$15,$5,$3,,$38,$34,$34,$13,$4,$3,,$33,$29,$29,$11,$4,$2,SE (2020) 128GB Carrier Locked
,SE (2020) 256GB Carrier Locked,$50,$45,$45,$20,$10,$3,,$43,$38,$38,$17,$9,$3,,$36,$33,$33,$14,$7,$2,SE (2020) 256GB Carrier Locked
,Degraded Battery (<80%) = EXTRA DEDUCTION / Repair Message(s) = ASK,,,,,,,,,,,,,,,,,,,,,
,Cracked Back = $30 off / Cracked Lens = $20 off / Bad Face ID = Grade D / Bad Back Camera = $30 off - - - HEAVY SCRATCHING / DEGRADED BATTERY % / Repair Message(s) = EXTRA DEDUCTION,,,,,,,,,,,,,,,,,,,,,
,Model,NEW,Grade A,Grade B,Grade C,Grade D,DOA,,NEW,Grade A,Grade B,Grade C,Grade D,DOA (No iC),,NEW,Grade A,Grade B,Grade C,Grade D,DOA (No iC),Model
,iPhone XS Max 64GB Unlocked,$125,$120,$110,$70,$50,-$1,,$106,$102,$94,$60,$43,-$1,,$90,$87,$79,$51,$36,-$1,iPhone XS Max 64GB Unlocked
,iPhone XS Max 256GB Unlocked,$135,$130,$120,$80,$60,-$1,,$115,$111,$102,$68,$51,-$1,,$98,$94,$87,$58,$43,-$1,iPhone XS Max 256GB Unlocked
,iPhone XS Max 512GB Unlocked,$145,$140,$130,$85,$65,-$1,,$123,$119,$111,$72,$55,-$1,,$105,$101,$94,$61,$47,-$1,iPhone XS Max 512GB Unlocked
,iPhone XS Max 64GB Carrier Locked,$55,$50,$50,$30,$20,-$1,,$47,$43,$43,$26,$17,-$1,,$40,$36,$36,$22,$14,-$1,iPhone XS Max 64GB Carrier Locked
,iPhone XS Max 256GB Carrier Locked,$65,$60,$60,$40,$30,-$1,,$55,$51,$51,$34,$26,-$1,,$47,$43,$43,$29,$22,-$1,iPhone XS Max 256GB Carrier Locked
,iPhone XS Max 512GB Carrier Locked,$75,$70,$70,$50,$35,-$1,,$64,$60,$60,$43,$30,-$1,,$54,$51,$51,$36,$25,-$1,iPhone XS Max 512GB Carrier Locked
,Degraded Battery (<80%) = EXTRA DEDUCTION / Repair Message(s) = ASK,,,,,,,,,,,,,,,,,,,,,
,Cracked Back = $30 off / Cracked Lens = $20 off / Bad Face ID = Grade D / Bad Back Camera = $30 off - - - HEAVY SCRATCHING / DEGRADED BATTERY % / Repair Message(s) = EXTRA DEDUCTION,,,,,,,,,,,,,,,,,,,,,
,Model,NEW,Grade A,Grade B,Grade C,Grade D,DOA,,NEW,Grade A,Grade B,Grade C,Grade D,DOA (No iC),,NEW,Grade A,Grade B,Grade C,Grade D,DOA (No iC),Model
,iPhone XS 64GB Unlocked,$100,$95,$90,$40,$30,$1,,$85,$81,$77,$34,$26,$1,,$72,$69,$65,$29,$22,$1,iPhone XS 64GB Unlocked
,iPhone XS 256GB Unlocked,$110,$100,$90,$40,$30,$1,,$94,$85,$77,$34,$26,$1,,$79,$72,$65,$29,$22,$1,iPhone XS 256GB Unlocked
,iPhone XS 512GB Unlocked,$115,$105,$95,$45,$35,$1,,$98,$89,$81,$38,$30,$1,,$83,$76,$69,$33,$25,$1,iPhone XS 512GB Unlocked
,iPhone XS 64GB Carrier Locked,$55,$50,$50,$25,$20,$1,,$47,$43,$43,$21,$17,$1,,$40,$36,$36,$18,$14,$1,iPhone XS 64GB Carrier Locked
,iPhone XS 256GB Carrier Locked,$65,$60,$60,$35,$25,$1,,$55,$51,$51,$30,$21,$1,,$47,$43,$43,$25,$18,$1,iPhone XS 256GB Carrier Locked
,iPhone XS 512GB Carrier Locked,$75,$70,$70,$45,$26,$1,,$64,$60,$60,$38,$22,$1,,$54,$51,$51,$33,$19,$1,iPhone XS 512GB Carrier Locked
,Degraded Battery (<80%) = EXTRA DEDUCTION / Repair Message(s) = ASK,,,,,,,,,,,,,,,,,,,,,
,Cracked Back = $25 off / Cracked Lens = $25 off / Bad Face ID = Grade D / Bad Back Camera = $30 off - - - HEAVY SCRATCHING / DEGRADED BATTERY % / Repair Message(s) = EXTRA DEDUCTION,,,,,,,,,,,,,,,,,,,,,
,Model,NEW,Grade A,Grade B,Grade C,Grade D,DOA,,NEW,Grade A,Grade B,Grade C,Grade D,DOA (No iC),,NEW,Grade A,Grade B,Grade C,Grade D,DOA (No iC),Model
,iPhone XR 64GB Unlocked,$90,$85,$80,$30,$15,$2,,$77,$72,$68,$26,$13,$2,,$65,$61,$58,$22,$11,$1,iPhone XR 64GB Unlocked
,iPhone XR 128GB Unlocked,$95,$90,$85,$35,$20,$2,,$81,$77,$72,$30,$17,$2,,$69,$65,$61,$25,$14,$1,iPhone XR 128GB Unlocked
,iPhone XR 256GB Unlocked,$105,$95,$90,$40,$25,$2,,$89,$81,$77,$34,$21,$2,,$76,$69,$65,$29,$18,$1,iPhone XR 256GB Unlocked
,iPhone XR 64GB Carrier Locked,$55,$50,$50,$20,$10,$2,,$47,$43,$43,$17,$9,$2,,$40,$36,$36,$14,$7,$1,iPhone XR 64GB Carrier Locked
,iPhone XR 128GB Carrier Locked,$60,$55,$55,$25,$15,$2,,$51,$47,$47,$21,$13,$2,,$43,$40,$40,$18,$11,$1,iPhone XR 128GB Carrier Locked
,iPhone XR 256GB Carrier Locked,$65,$60,$60,$30,$20,$2,,$55,$51,$51,$26,$17,$2,,$47,$43,$43,$22,$14,$1,iPhone XR 256GB Carrier Locked
,Degraded Battery (<80%) = EXTRA DEDUCTION / Repair Message(s) = ASK,,,,,,,,,,,,,,,,,,,,,
,Cracked Back = $25 off / Cracked Lens = $25 off / Bad Face ID = Grade D / Bad Back Camera = $30 off - - - HEAVY SCRATCHING / DEGRADED BATTERY % / Repair Message(s) = EXTRA DEDUCTION,,,,,,,,,,,,,,,,,,,,,
,Model,NEW,Grade A,Grade B,Grade C,Grade D,DOA,,NEW,Grade A,Grade B,Grade C,Grade D,DOA (No iC),,NEW,Grade A,Grade B,Grade C,Grade D,DOA (No iC),1
,iPhone X 64GB Unlocked,$80,$75,$70,$30,$20,$1,,$68,$64,$60,$26,$17,$1,,$58,$54,$51,$22,$14,$1,iPhone X 64GB Unlocked
,iPhone X 256GB Unlocked,$85,$80,$75,$35,$25,$1,,$72,$68,$64,$30,$21,$1,,$61,$58,$54,$25,$18,$1,iPhone X 256GB Unlocked
,iPhone X 64GB Carrier Locked,$45,$40,$40,$30,$20,$1,,$38,$34,$34,$26,$17,$1,,$33,$29,$29,$22,$14,$1,iPhone X 64GB Carrier Locked
,iPhone X 256GB Carrier Locked,$55,$50,$50,$40,$25,$1,,$47,$43,$43,$34,$21,$1,,$40,$36,$36,$29,$18,$1,iPhone X 256GB Carrier Locked
,Degraded Battery (<80%) = EXTRA DEDUCTION / Repair Message(s) = ASK,,,,,,,,,,,,,,,,,,,,,